OID_,IMG_0024_1,IMG_0025_1,IMG_0026_1,IMG_0027_1,IMG_0028_1,IMG_0029_1,IMG_0030_1,IMG_0031_1,IMG_0032_1,IMG_0033_1,IMG_0034_1,IMG_0035_1,IMG_0036_1,IMG_0037_1,IMG_0038_1,IMG_0039_1,IMG_0040_1,IMG_0041_1,IMG_0042_1,IMG_0043_1,IMG_0044_1,IMG_0045_1,IMG_0046_1,IMG_0047_1,IMG_0048_1,IMG_0049_1,IMG_0050_1,IMG_0051_1,IMG_0052_1,IMG_0053_1,IMG_0054_1,IMG_0055_1,IMG_0056_1,IMG_0057_1,IMG_0058_1,IMG_0059_1,IMG_0060_1,IMG_0061_1,IMG_0062_1,IMG_0063_1,IMG_0064_1,IMG_0065_1,IMG_0066_1,IMG_0067_1,IMG_0068_1,IMG_0069_1,IMG_0070_1,IMG_0071_1,IMG_0072_1,IMG_0073_1,IMG_0074_1,IMG_0075_1,IMG_0076_1,IMG_0077_1,IMG_0078_1,IMG_0079_1,IMG_0080_1,IMG_0081_1,IMG_0082_1,IMG_0083_1,IMG_0084_1,IMG_0085_1,IMG_0086_1,IMG_0087_1,IMG_0088_1,IMG_0089_1,IMG_0090_1,IMG_0091_1,IMG_0092_1,IMG_0093_1,IMG_0094_1,IMG_0095_1,IMG_0096_1,IMG_0097_1,IMG_0098_1,IMG_0099_1,IMG_0100_1,IMG_0101_1,IMG_0102_1,IMG_0103_1,IMG_0104_1,IMG_0105_1,IMG_0106_1,IMG_0107_1,IMG_0108_1,IMG_0109_1,IMG_0110_1,IMG_0111_1,IMG_0112_1,IMG_0113_1,IMG_0114_1,IMG_0115_1,IMG_0116_1,IMG_0117_1,IMG_0118_1,IMG_0119_1,IMG_0120_1,IMG_0121_1,IMG_0122_1,IMG_0123_1,IMG_0124_1,IMG_0125_1,IMG_0126_1,IMG_0127_1,IMG_0128_1,IMG_0129_1,IMG_0130_1,IMG_0131_1,IMG_0132_1,IMG_0133_1,IMG_0134_1,IMG_0135_1,IMG_0136_1,IMG_0137_1,IMG_0138_1,IMG_0139_1,IMG_0140_1,IMG_0141_1,IMG_0142_1,IMG_0143_1,IMG_0144_1,IMG_0145_1,IMG_0146_1,IMG_0147_1,IMG_0148_1,IMG_0149_1,IMG_0150_1,IMG_0151_1,IMG_0152_1,IMG_0153_1,IMG_0154_1,IMG_0155_1,IMG_0156_1,IMG_0157_1,IMG_0158_1,IMG_0159_1,IMG_0160_1,IMG_0161_1,IMG_0162_1,IMG_0163_1,IMG_0164_1,IMG_0165_1,IMG_0166_1,IMG_0167_1,IMG_0168_1,IMG_0169_1,IMG_0170_1,IMG_0171_1,IMG_0172_1,IMG_0173_1,IMG_0174_1,IMG_0175_1,IMG_0176_1,IMG_0177_1,IMG_0178_1,IMG_0179_1,IMG_0180_1,IMG_0181_1,IMG_0182_1,IMG_0183_1,IMG_0184_1,IMG_0185_1,IMG_0186_1,IMG_0187_1,IMG_0188_1,IMG_0189_1,IMG_0190_1,IMG_0191_1,IMG_0192_1,IMG_0193_1,IMG_0194_1,IMG_0195_1,IMG_0196_1,IMG_0197_1,IMG_0198_1,IMG_0199_1,IMG_0200_1,IMG_0201_1,IMG_0202_1,IMG_0203_1,IMG_0204_1,IMG_0205_1,IMG_0206_1,IMG_0207_1,IMG_0208_1,IMG_0209_1,IMG_0210_1,IMG_0211_1,IMG_0212_1,IMG_0213_1,IMG_0214_1,IMG_0215_1,IMG_0216_1,IMG_0217_1,IMG_0218_1,IMG_0219_1,IMG_0220_1,IMG_0221_1,IMG_0222_1,IMG_0223_1,IMG_0224_1,IMG_0225_1,IMG_0226_1,IMG_0227_1,IMG_0228_1,IMG_0229_1,IMG_0230_1,IMG_0231_1,IMG_0232_1,IMG_0233_1,IMG_0234_1,IMG_0235_1,IMG_0236_1,IMG_0237_1,IMG_0238_1,IMG_0239_1,IMG_0240_1,IMG_0241_1,IMG_0242_1,IMG_0243_1,IMG_0244_1,IMG_0245_1,IMG_0246_1,IMG_0247_1,IMG_0248_1,IMG_0249_1,IMG_0250_1,IMG_0251_1,IMG_0252_1,IMG_0253_1,IMG_0254_1,IMG_0255_1,IMG_0256_1,IMG_0257_1,IMG_0258_1,IMG_0259_1,IMG_0260_1,IMG_0261_1,IMG_0262_1,IMG_0263_1,IMG_0264_1,IMG_0265_1,IMG_0266_1,IMG_0267_1,IMG_0268_1,IMG_0269_1,IMG_0270_1,IMG_0271_1,IMG_0272_1,IMG_0273_1,IMG_0274_1,IMG_0275_1,IMG_0276_1,IMG_0277_1,IMG_0278_1,IMG_0279_1,IMG_0280_1,IMG_0281_1,IMG_0282_1,IMG_0283_1,IMG_0284_1,IMG_0285_1,IMG_0286_1,IMG_0287_1,IMG_0288_1,IMG_0289_1,IMG_0290_1,IMG_0291_1,IMG_0292_1,IMG_0293_1,IMG_0294_1,IMG_0295_1,IMG_0296_1,IMG_0297_1,IMG_0298_1,IMG_0299_1,IMG_0300_1,IMG_0301_1,IMG_0302_1,IMG_0303_1,IMG_0304_1,IMG_0305_1,IMG_0306_1,IMG_0307_1,IMG_0308_1,IMG_0309_1,IMG_0310_1,IMG_0311_1,IMG_0312_1,IMG_0313_1,IMG_0314_1,IMG_0315_1,IMG_0316_1,IMG_0317_1,IMG_0318_1,IMG_0319_1,IMG_0320_1,IMG_0321_1,IMG_0322_1,IMG_0323_1,IMG_0324_1,IMG_0325_1,IMG_0326_1,IMG_0327_1,IMG_0328_1,IMG_0329_1,IMG_0330_1,IMG_0331_1,IMG_0332_1,IMG_0333_1,IMG_0334_1,IMG_0335_1,IMG_0336_1,IMG_0337_1,IMG_0338_1,IMG_0339_1,IMG_0340_1,IMG_0341_1,IMG_0342_1,IMG_0343_1,IMG_0344_1,IMG_0345_1,IMG_0346_1,IMG_0347_1,IMG_0348_1,IMG_0349_1,IMG_0350_1,IMG_0351_1,IMG_0352_1,IMG_0353_1,IMG_0354_1,IMG_0355_1,IMG_0356_1,IMG_0357_1,IMG_0358_1,IMG_0359_1,IMG_0360_1,IMG_0361_1,IMG_0362_1,IMG_0363_1,IMG_0364_1,IMG_0365_1,IMG_0366_1,IMG_0367_1,IMG_0368_1,IMG_0369_1,IMG_0370_1,IMG_0371_1,IMG_0372_1,IMG_0373_1,IMG_0374_1,IMG_0375_1,IMG_0376_1,IMG_0377_1,TIR20190827,TIR20190827_avg,TIR20190827_dis
1,,,,,,,,,,,,,,,,,,,,,,,,,,,,,,,,,,,,,,,,,,,,,,,,,,,,,,,,,,,,,,,,,,,,,,,,,,,,,,,,,,,,,,,,,,,,,,,,,,,,,,,,,,,,,,,,,,,,,,,,,,,,,,,,,,,,,,,,,,,,,,,,,,,,,,,,,,,,,,,,,,,,,,,,,,,,,,,,,,,,,,,,,,,,,,,,,,,,,,,,,,,,,,,,,,,,,,,,,21.4745617,,21.0678234,20.9597244,21.1499939,,21.2100315,20.9109535,20.4813328,,,,,,,,,,,,,,,,,,,,,,,,,,,,,,,,,,,,,,,,,20.8591404,20.7925816,20.8362904,20.7518539,,,20.8455486,,,,,,,,,,,,,,,,,,,,,,,,,,,,,,,,,,,,,,,,,,,,,,,,,,,,,,,,,,,,,,,,,,,,,,,,,,,,,,,,,,,21.1399994,20.9400005,20.9099998
2,,,,,,,,,,,,,,,,,,,,,,,,,,,,,,,,,,,,,,,,,,,,,,,,,,,,,,,,,,,,,,,,,,,,,,,,,,,,,,,,,,,,,,,,,,,,,,,,,,,,,,,,,,,,,,,,,,,,,,,,,,,,,,,,,,,,,,,,,,,,,,,,,,,,,,,,,,,,,,,,,,,,,,,,,,,,,,,,,,,,,,,,,,,,,,,,,,,,,,,,,,,,,,,,,,,,,,,,,,,,,,,31.5682030,23.6948357,21.4997501,20.9363937,20.9932175,,,,,,,,,,,,,,,,,,,,,,,,,,,,,,,,,,,,,22.8725510,33.3424683,30.4394131,21.2442818,,,,,,,,,,,,,,,,,,,,,,,,,,,,,,,,,,,,,,,,,,,,,,,,,,,,,,,,,,,,,,,,,,,,,,,,,,,,,,,,,,,,,,,,20.8600006,25.0900002,20.8099995
3,,,,,,,,,,,,,,,,,,,,,,,,,,,,,,,,,,,,,,,,,,,,,,,,,,,,,,,,,,,,,,,,,,,,,,,,,,,,,,,,,,,,,,,,,,,,,,,,,,,,,,,,,,,,,,,,,,,,,,,,,,,,,,,,,,,,,,,,,,,,,,,,,,,,,,,,,,,,,,,,,,,,,,25.2994308,,,,,,,,,,,,,,,,,,,,,,,,,,,,,,,,,,,,,,,,,,,,23.2472973,23.0402336,22.7199440,0.0000000,23.1979790,,,,,22.3060303,22.0848694,22.8956757,,21.7419491,21.5220547,24.5334339,26.4260273,,,,,,,,,,,,,,,,,,,,,,,,,,,,,,,,,,,,,,,0.0000000,28.0600033,23.2274303,22.4332561,,,,22.7981701,,,,,,,,,,,,,,,,,,,,,,,,,,,,,,,,,,,,,,,,,,,,,,,,,,,,,,,,,,,,,,,,,,,,,,,,,,,,,,,,,,,24.1599998,23.5000000,24.1800003
4,,,,,,,,,,,,,,,,,,,,,,,,,,,,,,,,,,,,,,,,,,,,,,,,,,,,,,,,,,,,,,,,,,,,,,,,,,,,,,,,,,,,,,,,,,,,,,,,,,,,,,,,,,,,,,,,,,,,,,,,,,,,,,,,,,,,,,,,,,,,,,,,,,,,,,,,,,,,,,,,,,,,,,,,,,,,,,26.6755676,25.0549831,25.2708435,24.8710136,,,,,,,,,,,,,,,,,,,,,,,,,,,27.1813145,26.7622738,25.8251266,26.7922897,,,,,,,,,,,,,,,,,,,,,,,,,,,,,,,,,,,,,,,,,,,,,,,,,,,,,,,,,,,,,,,,,,,,,,,,,,,,,,,,,,,,,,,,,,,,,,,,,,,,,,,,,,,,,,,,,,,,,,,,,,,,,,,,,,,,,,,,,,,,,,,,,,,,24.0900002,25.2700005,23.9200001
5,,,,,,,,,,,,,,,,,,,,,,,,,,,,,,,,,,,,,,,,,,,,,,,,,,,,,,,,,,,,,,,,,,,,,,,,,,,,,,,,,,,,,,,,,,,,,,,,,,,,,,,,,,,,,,,,,,,,,,,,,,,,,,,,,,,,,,,,,,,,,,,,,,,,,,,,,,,,,,,,,,,,,,,,,,,,,,,,,,,,,,,,,,,,,,,,,,,,,,,,,,,,,,,,,,,,,,,,,,,,,,,,,,,,,,,,,,,,,,,,,,,,,,,,,,,,,,,,,,,,,,,,,,,,,,,,,,,,,,,22.9379120,24.1127491,23.9810276,22.5179806,0.0000000,,,,,,,,,,,,,,,,,,,,,,,,,,,,,,,,,,21.2500305,21.0208664,20.5764313,20.3103523,,,,,,,,,,,,,,20.7420292,20.2052956,21.8764992,27.3984375,,,,,,,,,,,,,,,,,,20.1000004,22.1800003,20.4699993
6,,,,,,,,,,,,,,,,,,,,,,,,,,,,,,,,,,,,,,,,,,,,,,,,,,,,,,,,,,,,,,,,,,,,,,,,,,,,,,,,,,,,,,,,,,,,,,,,,,,,,,,,,,,,,,,,,,,,,,,,,,,,,,,,,,,,,,,,,,,,,,,,,,,,,,,,,,,,,,,,,,,,,,,,,,,,,,,,,,,,,,,,,,,,,,,,,,,,,,,,,,,,,,,,,,,,,,,,,,,,,23.4679127,,22.2503052,23.2623787,22.9399567,23.5767937,,,,,,,,,,,,,,,,,,,,,,,,,,,,,,,,,,,,,,,24.3197498,23.2733688,22.7870331,22.4709167,,,,23.0819702,,,,,,,,,,,,,,,,,,,,,,,,,,,,,,,,,,,,,,,,,,,,,,,,,,,,,,,,,,,,,,,,,,,,,,,,,,,,,,,,,,,22.5000000,22.7500000,22.5599995
7,,,,,,,,,,,,,,,,,,,,,,,,,,,,,,,,,,,,,,,,,,,,,,,,,,,,,,,,,,,,,,,,,,,,,,,,,,,,,,,,,,,,,,,,,,,,,,,,,,,,,,,,,,,,,,,,,,,,,,,,,,,,,,,,,,,,,,,,,,,,,,,,,,,,,,,,,,,,,,,,,,,,,,,,,,,,,,,,,,,,,,,,,,,,,,,,,,,,,,,,,,,,,,,,,,,,,,,,,,,,,,,,,,,,,,,,,,,,,,,,,,,,,,,,,,,,,,,,,,,,,,,,,,,,,,,,,,,,,,,,,,,,,,,,,,,,,,,,,,,,,,,,,,,,,,,,,,21.0215340,20.5810661,20.3529568,20.6765652,20.9544754,,,,,,,,,,,,,,,,,,,20.6666012,19.9507084,20.0297070,20.5973873,,,,,,,,,,,,,,,20.1200008,20.4400005,20.2999992
8,,,,,,,,,,,,,,,,,,,,,,,,,,,,,,,,,,,,,,,,,,,,,,,,,,,,,,,,,,,,,,,,,,,,,,,,,,,,,,,,,,,,,,,,,,,,,,,,,,,,,,,,,,,,,,,,,,,,,,,,,,,,,,,,,,,,,,,,,,,,,,,,,,,,,,,,,,,,,,,,,,,,,,,,,,,,,26.9588203,27.1287479,26.3609848,39.3063545,38.1895790,,,,,,,,,,,,,,,,,,,,,,,,,,,,26.6347351,25.1275692,25.0787296,27.0090523,0.0000000,,,,,,,,,,,,,,,,,,,,,,,,,,,,,,,,,,,,,,,,,,,,,,,,,,,,,,,,,,,,,,,,,,,,,,,,,,,,,,,,,,,,,,,,,,,,,,,,,,,,,,,,,,,,,,,,,,,,,,,,,,,,,,,,,,,,,,,,,,,,,,,,,,25.1700001,28.7800007,24.9599991
9,,,,,,,,,,,,,,,,,,,,,,,,,,,,,,,,,,,,,,,,,,,,,,,,,,,,,,,,,,,,,,,,,,,,,,,,,,,,,,,,,,,,,,,,,,,,,,,,,,,,,,,,,,,,,,,,,,,,,,,,,,,,,,,,,,,,,,,,,,,,,,,,,,,,,,,,,,,,,,,,,,,,,,,,29.3882389,27.9278526,33.6393776,33.3322334,33.0221634,,,,,,,,,,,,,,,,,,,,,,,,,,,,,,,,,,,,0.0000000,28.5246353,28.4681339,28.0369396,28.7080345,,,,,,,,,,,29.1357784,28.9901066,0.0000000,29.0205288,0.0000000,,,,,,,,,,,,,,,,,,,,,,,,,,,,,,,,,,,,,,,,,,,,,,,,,,,,,,,,,,,,,,,,,,,,,,,,,,,,,,,,,,,,,,,,,,,,,,,,,,,,,,,,,,,,,,,,,,,,,,,,,,,,,,,,28.0300007,29.8600006,28.0499992
10,,,,,,,,,,,,,,,,,,,,,,,,,,,,,,,,,,,,,,,,,,,,,,,,,,,,,,,,,0.0000000,,,,,,,,,,,,,,,,,,,,,,,,,,,,,,,,,,,,,,,,,,,,,,,,,,,,,21.3725281,21.1736221,21.0539227,,20.5302868,20.7513103,,,,,,,,,,,,,,,,,,,,,,,,,,,,,,,,,,,,,,,,,,20.9464912,21.1237736,20.9505062,20.9781952,,0.0000000,20.9931278,,,,,,,,,,,,,,,,,,,,,,,,,,,,,,,,,,,,,,,,,,,,,,,,,,,,,,,,,,,,,,,,,,,,,,,,,,,,,,,,,,,,,,,,,,,,,,,,,,,,,,,,,,,,,,,,,,,,,,,,,,,,,,,,,,,,,,,,,,,,,,,,,,,,,,,,,,,,,,,,,,,,,,,,,,,,,,,,,,,,,,,,,,,,,,,,20.5699997,20.9799995,20.5200005
11,,,,,,,,,,,,,,,,,,,,,,,,,,,,,,,,,,,,,,,,,,,,,,,,,,,,,,,,,,,,,,,,,,,,,,,,,,,,,,,,,,,,,,,,,,,,,,,,,,,,,,,,,,,,,,,,,,,,,,,,,,,,,,,,,,,,,,,,,,,,,,,,,,,,,,,,,,,,,,,,,,,,,,,,,,,,,,,,,,,,,,,,,,,,,,,,,,,,,,,,,,,,,,,,,,,,,,,,,,,,,,,,,,,,,,,,,,,,,,,,,,,,,,,,,,,,,,,,,,,,,,,,,,,,,,,,,,,,,,,,,,,,,,,,,,,,,,,,,,,,,,,,,,,,,,,,,,,,,,,,,,,,,,,,,,,,,,,,,,26.8294849,26.2221661,26.2583790,26.2145405,25.9164772,,,,,,,,,,,,,26.6800003,26.7199993,26.7000008
12,,,,,,,,,,,,,,,,,,,,,,,,,,,,,,,,,,,,,,,,,,,,,,,,,,,,,,,,,0.0000000,,,,,,,,,,,,,,,,,,,,,,,,,,,,,,,,,,,,,,,,,,,,,0.0000000,0.0000000,,,,,,,0.0000000,0.0000000,0.0000000,,28.0607395,22.5851364,0.0000000,,,,,,,,,,,,,,,,,,,,,,,,,,,,,,,,,,,,,,,,,0.0000000,0.0000000,0.0000000,22.1126575,,,0.0000000,,,,,,,,,,,,,,,,,,,,,,,,,,,,,,,,,,,,,,,,,,,,,,,,,,,,,,,,,,,,,,,,,,,,,,,,,,,,,,,,,,,,,,,,,,,,,,,,,,,,,,,,,,,,,,,,,,,,,,,,,,,,,,,,,,,,,,,,,,,,,,,,,,,,,,,,,,,,,,,,,,,,,,,,,,,,,,,,,,,,,,,,,,,,,,,,25.6900005,23.9099998,28.0900002
13,,,,,,,,,,,,,,,,,,,,,,,,,,,,,,,,,,,,,,,,,,,,,,,,,,,,,,,,,,,,,,,,,,,,,,,,,,,,,,,,,,,,,,,,,,,,,,,,,,,,,,,,,,,,,,,,,,,,,,,,,,,,,,,,,,,,,,,,,,,,,,,,,,,,,,,,,,,,,,,,,,,,,,,,,,,,,,,,,,,,,,,,,,,,,,,,,,,,,,,,,,,,,,,,,,,,,,,,,,,,,,,,,,,,,,,,,,,,,,,,,,,,,,,,,,,,,,,,,,,,,,,,,,,,,,,,,,,,,,,,,,,,,,,,,,,,,,,,,,,,,,,,,,,,,,,,,,,,,,0.0000000,21.3693657,21.0867729,21.0050755,21.3997746,,,,,,,,,,21.7889900,21.3995323,23.3276730,20.9642048,20.8852005,,,,,,,,,,,,,,,,,,,21.0000000,21.4099998,20.9899998
14,,,,,,,,,,,,,,,,,,,,,,,,,,,,,,,,,,,,,,,,,,,,,,,,,,,,,,,,,,,,,,,,,,,,,,,,,,,,,,,,,,,,,,,,,,,,,,,,,,,,,,,,,,,,,,,,,,,,,,,,,,,,,,,,,,,,,,,,,,,,,,,,,,,,,,,,,,,,,,,,,,,,,,,,,,,,,,,,,,,,,,,,,,,,,,,,,,,,,,,,,,,,,,,,,,,,,,,,,,,,,,,,,,,,,,,,,,,,,,,,,,,,,,,,,,,,,,,,,,,,,,,,,,,,,,,,,,,,,,,,,,,,,,,,,,,,,,,,,,,,,,,,,,,,,,,,,,,,,,,,,,,,,,,,,,,,,,,,,,0.0000000,0.0000000,20.5016441,21.0275917,,,,,,,,,,,,,,20.6100006,20.6399994,20.4699993
15,,,,,,,,,,,,,,,,,,,,,,,,,,,,,,,,,,,,,,,,,,,,,,,,,,,,,,,,,,,,,,,,,,,,,,,,,,,,,,,,,,,,,,,,,,,,,,,,,,,,,,,,,,,,,,,,,,,,,,,,,,,,,,,,,,,,,,,,,,,,,,,,,,,,,,,,,,,,,,,,,,,,,,,,,,,,,,,,,,,,,,,,,,,,,,,,,,,,,,,,,,,,,,,,31.2697849,30.2407131,28.8103752,28.9964066,29.8923359,,,,,,,,,,,30.8564148,30.2703800,30.1469154,30.0392647,30.2626667,30.5341949,,,,,,,,,,,,,,,,,,,,,,,,,,,,,,,,,,,,,,,,,,,,,,,,,,,,,,,,,,,,,,,,,,,,,,,,,,,,,,,,,,,,,,,,,,,,,,,,,,,,,,,,,,,,,,,,,,,,,,,,,,,,,,,27.0699997,29.7700005,27.0799999
16,,,,,,,,,,,,,,,,,,,,,,,,,,,,,,,,,,,,,,,,,,,,,,,,,,,,,,,,,,,,,,,,,,,,,,,,,,,,,,,,,,,,,,,,,,,,,,,,,,,,,,,,,,,,,,,,,,,,,,,,,,,,,,,,,,,,,,,,,,,,,,,,,,,,,,,,,,,,,,,,,,,,,,,,,,,,,,,,,,,,,,,,,,,,,,,,,,,,,,,,,,,,,,,,,,,,,,,,,,,,,,,,,,25.9823208,23.8159676,23.6890774,24.8697128,,,,,,,,,,,,,,,,,,,,,,,,,,,,,,,,24.7612362,23.7537384,23.7162170,23.3922520,24.4582558,,,,,,,,,,,,,,,,,,,,,,,,,,,,,,,,,,,,,,,,,,,,,,,,,,,,,,,,,,,,,,,,,,,,,,,,,,,,,,,,,,,,,,,,,,23.7600002,23.8500004,24.2000008
17,,,,,,,,,,,,,,,,,,,,,,,,,,,,,,,,,,,,,,,,,,,,,,,,,,,,,,,,,,,,,,,,,,,,,,,,,,,,,,,,,,,,,,,,,,,,,,,,,,,,,,,,,,,,,,,,,,,,,,,,,,,,,,,,,,,,,,,,,,,,,,,,,,,,,,,,,,,,,,,,,,,,,,,,,,,,,,25.9891758,25.8636761,25.7338963,26.6440792,,,,,,,,,,,,,,,,,,,,,,,,,,,30.1477604,26.9514008,26.7235889,26.3146133,,,,,,,,,,,,,,,,,,,,,,,,,,,,,,,,,,,,,,,,,,,,,,,,,,,,,,,,,,,,,,,,,,,,,,,,,,,,,,,,,,,,,,,,,,,,,,,,,,,,,,,,,,,,,,,,,,,,,,,,,,,,,,,,,,,,,,,,,,,,,,,,,,,,27.6000004,26.8999996,27.5100002
18,,,,,,,,,,,,,,,,,,,,,,,,,,,,,,,,,,,,,,,,,,,,,,,,,,,,,,,,,,,,,,,,,,,,,,,,,,,,,,,,,,,,,,,,,,,,,,,,,,,,,,,,,,,,,,,,,,,,,,,,,,,,,,,,,,,,,,,,,,,,,,,,,,,0.0000000,,25.0901642,0.0000000,0.0000000,,,,,,,,,,,,,,,,,,,,,,,,,22.3978825,25.5203781,21.5414028,21.5030956,26.6315575,,,,,,,,,,,,,,,,,,,,,,0.0000000,24.0546303,23.4830933,22.9889927,,,,,,,,,,,,,,,,,,,,,,,,,,,,,,,,,,,,,,,,,,,,,,,,,,,,,,,,,,,,,,,,,,,,,,,,,,,,,,,,,,,,,,,,,,,,,,,,,,,,,,,,,,,,,,,,,,,,,,,,,,,,,,,,,,,,,,,,,,,,,,,,,,,,,,20.9099998,23.5200005,21.3700008
19,,,,,,,,,,,,,,,,,,,,,,,,,,,,,,,,,,,,,,,,,,,,,,,,,,,,,,,,,0.0000000,23.0452366,,23.0679245,23.0176430,23.2172089,23.4242153,,,,,,,,,,,,,,,,,,,,,,,,,,,,,,,,,,,,,25.1346207,24.7532196,24.0240173,23.2248344,23.3797417,0.0000000,,,24.2619801,,,,,,,,,,,,,,,,,,,,,,,,,,,,,,,,,,,,,,,,,,,,,,,,,,,,,,,,,,,,,,,,,,,,,,,,,,,,,,,,,,,,,,,,,,,,,,,,,,,,,,,,,,,,,,,,,,,,,,,,,,,,,,,,,,,,,,,,,,,,,,,,,,,,,,,,,,,,,,,,,,,,,,,,,,,,,,,,,,,,,,,,,,,,,,,,,,,,,,,,,,,,,,,,,,,,,,,,,,,,,,,,,,,,,,,,,,,,,,,,,,,,,,,23.1399994,23.6100006,23.2600002
20,,,,,,,,,,,,,,,,,,,,,,,,,,,,,,,,,,,,,,,,,,,,,,,,,,,,,,,,,,,,,,,,,,,,,,,,,,,,,,,,,,,,,,,,,,,,,,,,,,,,,,,,,,,,,,,,,,,,,,,,,,,,,,,,,,,,,,,,,,,,,,,,,,,,,,,,,,,,,,,,,,,,,,,,,,,,,,,,,,,,,,,,,,,,,,,,,,,,,,,,,,,,,,,,,,,,,,,,,0.0000000,,24.5825691,24.0862923,23.5352936,,22.6426125,22.5902805,22.4262657,23.1642246,,,,,,,,,,,,,,,,,,,,,,,,,,,,,,,,,,,,,,,22.9873447,22.7019596,22.2197094,22.5804405,,,,23.7226830,,,,,,,,,,,,,,,,,,,,,,,,,,,,,,,,,,,,,,,,,,,,,,,,,,,,,,,,,,,,,,,,,,,,,,,,,,,,,,,,,,,22.6200008,22.9400005,22.4899998
21,,,,,,,,,,,,,,,,,,,,,,,,,,,,,,,,,,,,,,,,,,,,,,,,,,,,,,,,,,,,,,,,,,,,,,,,,,,,,,,,,,,,,,,,,,,,,,,,,,,,,,,,,,,,,,,,,,,,,,,,,,,,,,,,,,,,,,,,,,,,,,,,,,,,,,24.3776188,23.9450359,24.5029755,23.6881428,,,,,,,,,,,,,,,,,,,,23.4448185,23.6450615,23.3538609,22.7909679,22.1170902,,,,,,,,,,,,,,,,,,,,,,,,,,,24.2210102,23.5279350,23.4892597,24.8879471,23.8968182,,,,,,,,,,,,,,,,,,,,,,,,,,,,,,,,,,,,,,,,,,,,,,,,,,,,,,,,,,,,,,,,,,,,,,,,,,,,,,,,,,,,,,,,,,,,,,,,,,,,,,,,,,,,,,,,,,,,,,,,,,,,,,,,,,,,,,,,,,,,,,,,,,,22.6599998,23.6100006,22.7099991
22,,,,,,,,,,,,,,,,,,,,,,,,,,,,,,,,,,,,,,,,,,,,,,,,,,,,,,,,,,,,,,,,,,,,,,,,,,,,,,,,,,,,,,,,,,,,,,,,,,,,,,,,,,,,,,,,,,,,,,,,,,,,,,,,,,,,,,,,,,,,,,,,,,,,,,,,,,,,,,,,,,,,,,,,,,,,,,,,,,,,,,,,,,,,,,,,,,,,,,,,,,,,,,,,,,,,,,,,,,,,,,,,,,,,,,,,,,,,,,,,,,,,,,,,,,,,,,,,,,,,,,,,,,25.7274628,25.5208168,25.8736401,25.6049557,,,,25.3340092,24.4933796,,25.0474110,,25.0012779,25.4284706,,,,,,,,,,,,,,,,,,,,,,,,,,,,,,,,,,,,,,,,,,,,,,,,,,,,,,,,,,,,,,,,,,,,,,,,,,,,25.7099991,25.1100006,25.9899998
23,,,,,,,,,,,,,,,,,,,,,,,,,,,,,,,,,,,,,,,,,,,,,,,,,,,,,,,,,,0.0000000,,31.5818329,32.9870071,31.4048843,31.3829670,29.0274601,,,,,,,,,,,,,,,,,,,,,,,,,,,,,,,,,,,32.0971680,31.6358528,32.0317535,30.2714310,29.7577267,,,,,,,,,,,,,,,,,,,,,,,,,,,,,,,,,,,,,,,,,,,,,,,,,,,,,,,,,,,,,,,,,,,,,,,,,,,,,,,,,,,,,,,,,,,,,,,,,,,,,,,,,,,,,,,,,,,,,,,,,,,,,,,,,,,,,,,,,,,,,,,,,,,,,,,,,,,,,,,,,,,,,,,,,,,,,,,,,,,,,,,,,,,,,,,,,,,,,,,,,,,,,,,,,,,,,,,,,,,,,,,,,,,,,,,,,,,,,,,,,,,,,,,,,,,,30.3400002,31.1599998,30.4300003
24,,,,,,,,,,,,,,,,,,,,,,,,,,,,,,,,,,,,,,,,,,,,,,,,,,,,,,,,,,,,,,,,,,,,,,,,,,,,,,,,,,,,,,,,,,,,,,,,,,,,,,,,,,,,,,,,,,,,,,,,,,,,,,,,,,,,,,,,,,,,,,,,,,,,,,,,,,,,,,,,,,,,,,,,,,,,,,,,,,,,,,,,,,,,,,,,,,,,,,,,,,,,,,,,,,,,,,,,,,,,,0.0000000,,25.6908875,31.3969154,23.9937267,24.4312782,24.8383312,,,,,,,,,,,,,,,,,,,,,,,,,,,,,,,,,,,,,33.5760002,28.2785988,24.0565758,24.0342216,,,,,,,,,,,,,,,,,,,,,,,,,,,,,,,,,,,,,,,,,,,,,,,,,,,,,,,,,,,,,,,,,,,,,,,,,,,,,,,,,,,,,,,,23.8099995,26.2399998,23.7000008
25,,,,,,,,,,,,,,,,,,,,,,,,,,,,,,,,,,,,,,,,,,,,,,,,,,,,,,,,,,,,,,,,,,,,,,,,,,,,,,,,,,,,,,,,,,,,,,,,,,,,,,,,,,,,,,,,,,,,,,,,,,,,,,,,,,,,,,,,,,,,,,,,,,,,,,,,,,,,,,,,,,,,,,,,,,,,,,,,,,,,,,,,,,,,,,,,,,,,,,,,,,,,,,,,,,,,,,,,,,,,,,,,,,,,,,,,,,,,,,,,,,,,,,,,,,,,,,,,,,,,,,,,,,,,,,,,,,,,,,,,,,,0.0000000,31.1282692,29.1669769,23.9234085,20.7209110,,,,,,,,,,,,,,,,,,,,,,,,,,23.8622990,34.2442818,35.8621635,0.0000000,0.0000000,,,,,,,,,,,,,,,,,,,,,,,,,,,,,,,,,,,,,,23.4200001,29.1599998,22.9799995
26,,,,,,,,,,,,,,,,,,,,,,,,,,,,,,,,,,,,,,,,,,,,,,,,,,,,,,,,,,,,,,,,,,,,,,,,,,,,,,,,,,,,,,,,,,,,,,,,,,,,,,,,,,,,,,,,,,,,,,,,,,,,,,,,,,,,,,,,,,,,,,,,,,,,,,,,,,,,,,,,,,,,,,,,,,,,,,,,,,,,,,,,,,,,,,,,,,,,,,,,,,,,,,,,,,,,,,,,,,,,,,,,,,25.3330555,24.9758186,25.4887352,25.9595127,,,,,,,,,,,,,,,,,,,,,,,,,,,,,,,,25.1141071,25.5618000,25.6166859,25.9135113,24.6295719,,,,,,,,,,,,,,,,,,0.0000000,,,,,,,,,,,,,,,,,,,,,,,,,,,,,,,,,,,,,,,,,,,,,,,,,,,,,,,,,,,,,,,,,,,,,,,,25.7500000,25.3799992,25.8099995
27,,,,,,,,,,,,,,,,,,,,,,,,,,,,,,,,,,,,,,,,,,,,,,,,,,,,,,,,,,,,,,,,,,,,,,,,,,,,,,,,,,,,,,,,,,,,,,,,,,,,,,,,,,,,,,,,,,,,,,,,,,,,,,,,,,,,,,,,,,,,,,,,,,,,,,,,,,,,,,,,,,,,,,,,,,,,,,,,,,,,,,,,,,,,,,,,,,,,,,,,,,,,,,,,,,,,,,,,,,,,,,,,,,,,,,,,,,,,,,,,,,,,,,,,,,,,,,,,,,,,,,,,,,,,,,,,,,,,,,,,,,,,,,,,,,,,,,,,,,,,,,,,,,,,,,,,,,,,,,,,,,,,,,,,,,,,,,,,,,,,30.4282684,30.8743610,32.6763649,31.6972599,31.6898060,,,,,,,,,,,32.1599998,30.9799995,32.1500015
28,,,,,,,,,,,,,,,,,,,,,,,,,,,,,,,,,,,,,,,,,,,,,,,,,,,,,,,,,,,,,,,,,,,,,,,,,,,,,,,,,,,,,,,,,,,,,,,,,,,,,,,,,,,,,,,,,,,,,,,,,,,,,,,,,,,,,,,,,,,,,,,,,,,,,,,,,,,,,,,,,,,,20.7980633,20.8899422,20.8757153,20.9062309,20.5345860,20.9841118,,,,,,,,,,,,,,,,,,,,,,,,,,,,,,,,,,,,,,,,,,,21.0205250,21.2432289,20.9533195,20.9404716,,,21.1404991,,,,,,,,,,,,,,,,,,,,,,,,,,,,,,,,,,,,,,,,,,,,,,,,,,,,,,,,,,,,,,,,,,,,,,,,,,,,,,,,,,,,,,,,,,,,,,,,,,,,,,,,,,,,,,,,,,,,,,,,,,,,,,,,,,,,,,,,,20.7000008,20.9599991,20.5599995
29,,,,,,,,,,,,,,,,,,,,,,,,,,,,,,,,,,,,,,,,,,,,,,,,,,,,,,,,,,,,,,,,,,,,,,,,,,,,,,,,,,,,,,,,,,,,,,,,,,,,,,,,,,,,,,,,,,,,,,,,,,,,,,,,,,,,,,,,,,,,,,,,,,,,,,,,,,,,,,,,,,,,,,,,,,,,,,,,,,,,,,,,,,,,,,,,,,,,,,,,,,,,,,,,,,,,,,,,,,,,,,,,,,,,,,,,,,,,,,,,,,,,,,,,,,,,,,,,,,,,,,,,,,,,,,,,,,,,,,,,,,,,,,,,,,,,,,,,,,,,,,,,,,,,,,,0.0000000,24.0287533,24.1475239,23.9008961,24.3011055,,,,,,,,,,,,,,,,,,,,,,,,23.8515739,24.2047462,23.9893055,23.9962826,,,,,,,,,,,,,23.5300007,23.8500004,23.7199993
30,,,,,,,,,,,,,,,,,,,,,,,,,,,,,,,,,,,,,,,,,,,,,,,,,,,,,,,,,0.0000000,,,,,,,,,,,,,,,,,,,,,,,,,,,,,,,,,,,,,,,,,,,,,,,,,,,,,0.0000000,26.6987991,29.3501682,,22.2464409,22.3666553,,,,,,,,,,,,,,,,,,,,,,,,,,,,,,,,,,,,,,,,,,23.6056633,22.8315830,22.3074284,22.9501991,,0.0000000,27.3627167,,,,,,,,,,,,,,,,,,,,,,,,,,,,,,,,,,,,,,,,,,,,,,,,,,,,,,,,,,,,,,,,,,,,,,,,,,,,,,,,,,,,,,,,,,,,,,,,,,,,,,,,,,,,,,,,,,,,,,,,,,,,,,,,,,,,,,,,,,,,,,,,,,,,,,,,,,,,,,,,,,,,,,,,,,,,,,,,,,,,,,,,,,,,,,,,22.0400009,23.6000004,22.1100006
